{"cameraMode":{"drawMode":0,"name":"Shaded","section":"Shading Mode"},"sceneLighting":true,"audioPlay":false,"sceneViewState":{"showFog":true,"showMaterialUpdate":false,"showSkybox":true,"showFlares":true,"showImageEffects":true,"showParticleSystems":true},"in2DMode":false,"pivot":{"x":4.461544990539551,"y":11.405834197998047,"z":-7.010578155517578},"rotation":{"x":0.04559021070599556,"y":0.9357460141181946,"z":-0.3239805996417999,"w":0.1316770613193512},"size":139.7268524169922,"orthographic":false}